Date,Invested (USD),Value (USD),Notes
45695,500.00,500.00,Started weekly DCA on OKX: 70% BTC / 30% ETH
2025-02-14,650.00,662.54,
45709,800.00,929.60,
2025-02-28,950.00,1053.92,
45723,"1,100.00 USD","1,123.52 USD",
2025-03-14,1250.00,1240.58,
45737,1400.00,1462.93,
2025-03-28,1550.00,1481.62,
45751,1700.00,1439.82,
2025-04-11,1850.00,1418.36,
45765,2000.00,1735.41,
2025-04-25,2150.00,1914.92,
45779,2300.00,2060.43,
2025-05-09,"2,450.00 USD","2,201.29 USD",
45793,2600.00,2526.06,
2025-05-23,2750.00,2715.00,
45807,2900.00,2801.96,
2025-06-06,3050.00,2939.28,
45821,3200.00,2989.08,
2025-06-20,3350.00,3291.65,
45835,3500.00,3328.94,
2025-07-04,3650.00,3651.52,
45849,"3,800.00 USD","3,598.55 USD",
2025-07-18,3950.00,3834.67,
45863,4100.00,3936.89,
2025-08-01,4250.00,4257.38,
45877,4400.00,4976.60,
2025-08-15,4550.00,5233.69,
45891,4700.00,5161.86,
2025-08-29,4850.00,5244.38,
45905,5000.00,n/a,OKX app was down
2025-09-12,"5,150.00 USD","6,248.99 USD",
45919,5300.00,6300.45,
2025-09-26,5450.00,7085.90,
45933,5600.00,7462.55,
2025-10-10,5750.00,8465.36,
45947,5900.00,8266.48,
2025-10-24,6050.00,9094.86,
45961,6200.00,9152.38,
2025-11-07,6350.00,8936.38,
45975,"6,500.00 USD","8,904.70 USD",
2025-11-21,6650.00,7710.28,Big crypto drawdown — kept DCA running
45989,6800.00,8446.99,
2025-12-05,6950.00,9143.68,
46003,7100.00,8191.79,
2025-12-19,7250.00,8624.59,
46017,7400.00,8722.05,
2026-01-02,7550.00,8878.83,
46031,7700.00,9567.72,
2026-01-16,"7,850.00 USD","10,202.40 USD",
46045,8000.00,11484.20,
2026-01-30,8150.00,11289.46,
46059,8300.00,11533.90,
2026-02-13,8450.00,10798.12,
46073,8600.00,10503.19,
2026-02-27,8750.00,11949.48,
46087,8900.00,11330.37,
2026-03-13,9050.00,12600.88,
46101,"9,200.00 USD","13,232.95 USD",
2026-03-27,9350.00,13392.37,
46115,9500.00,13667.14,
2026-04-10,9650.00,12443.24,
46129,9800.00,10985.27,
2026-04-24,9950.00,10899.87,
46143,10100.00,11385.47,
2026-05-08,10250.00,10899.91,
46157,10400.00,11393.67,
2026-05-22,"10,550.00 USD","12,633.11 USD",
46171,10700.00,13510.52,
2026-06-05,10850.00,13366.44,
46185,11000.00,13083.54,
2026-06-19,11150.00,13525.00,
46199,11300.00,13729.28,
2026-07-03,11450.00,12587.21,
46213,11600.00,12250.64,
2026-07-17,11750.00,12987.20,
46227,"11,900.00 USD","12,687.50 USD",
2026-07-31,12050.00,11838.65,
46241,12200.00,10894.44,
2026-08-14,12350.00,10946.41,
46255,12500.00,10896.16,
2026-08-28,12650.00,10509.77,
46269,12800.00,11231.32,
2026-09-11,12950.00,10509.99,
46283,13100.00,10740.60,
2026-09-25,"13,250.00 USD","11,434.84 USD",
